{
  "installCommand": "npm install --prefix frontend",
  "buildCommand": "npm run build --prefix frontend",
  "outputDirectory": "frontend/dist",
  "framework": "vite",

  "headers": [
    {
      "source": "/sitemap.xml",
      "headers": [{ "key": "Content-Type", "value": "application/xml; charset=utf-8" }]
    },
    {
      "source": "/robots.txt",
      "headers": [{ "key": "Content-Type", "value": "text/plain; charset=utf-8" }]
    }
  ],

  "rewrites": [
    { "source": "/sitemap.xml", "destination": "/sitemap.xml" },
    { "source": "/robots.txt", "destination": "/robots.txt" },
    { "source": "/(.*)", "destination": "/index.html" }
  ]
}
